<?xml version="1.0" encoding="utf-8"?>
<!DOCTYPE mapper PUBLIC
"-//mybatis.org//DTD Mapper 3.0//EN"
"http://mybatis.org/dtd/mybatis-3-mapper.dtd">
<mapper namespace="aiEventMapper">
	
	<resultMap type="AiEvent" id="AiEventList">
		<result property="aiEventId" column="AIEVENT_ID" />
		<result property="adminId" column="ADMIN_ID" />
		<result property="aiEventName" column="AIEVENT_NAME" />
		<result property="aiEventContent" column="AIEVENT_CONTENT" />
		<result property="aiEventLink" column="AIEVENT_LINK" />
	</resultMap>
	
	<select id="selectAiEventByKeyword" parameterType="String" resultMap="AiEventList">
	     select aievent_content, aievent_link, aievent_name from tb_aievent 
	           where aievent_name like '%' || #{ keyword } || '%'
	</select>
	
</mapper>
