<?xml version="1.0" encoding="utf-8"?>
<!DOCTYPE mapper PUBLIC
"-//mybatis.org//DTD Mapper 3.0//EN"
"http://mybatis.org/dtd/mybatis-3-mapper.dtd">
<mapper namespace="bookmarkMapper">

	<resultMap id="BookmarkList" type="Bookmark">
		<result property="userId" column="USER_ID" />
		<result property="postId" column="POST_ID" />
	</resultMap>
	
	<!--  SELECT  -->
 	<select id="selectIsBookmarked" parameterType="Bookmark" resultType="_int">
 		SELECT COUNT(*)  
 		FROM TB_BOOKMARK 
 		WHERE USER_ID = #{userId} AND POST_ID = #{postId}  
 	</select>
 	
 	<!-- INSERT -->
 	<insert id="insertBookmark" parameterType="Bookmark">
 		INSERT INTO TB_BOOKMARK VALUES(#{userId}, #{postId}) 
 	</insert>
 	
 	
 	<!--  DELETE -->
 	<delete id="deleteBookmark" parameterType="Bookmark">
 		DELETE FROM TB_BOOKMARK 
 		WHERE USER_ID = #{userId} AND POST_ID = #{postId} 
 	</delete>
</mapper>
