<?xml version="1.0" encoding="utf-8"?>
<!DOCTYPE mapper PUBLIC
"-//mybatis.org//DTD Mapper 3.0//EN"
"http://mybatis.org/dtd/mybatis-3-mapper.dtd">
<mapper namespace="chatMapper">

	<resultMap id="resultList" type="Chat">
		<result property="chatId" column="CHAT_ID" />
		<result property="userId1" column="USER_ID1" />
		<result property="userId2" column="USER_ID2" />
		<result property="chatName" column="CHAT_NAME" />
	</resultMap>


	<!-- 채팅방 생성 -->
	<insert id="insertChatRoom" parameterType="Chat">
		INSERT INTO TB_CHAT_ROOM (chat_id, user_id1, user_id2)
		VALUES (SEQ_CHAT.NEXTVAL, #{userId1}, #{userId2} )
	</insert>

	<select id="selectAllChatRoomList" parameterType="Chat"
		resultMap="resultList">
		select * from TB_CHAT_ROOM where user_id1 = #{userId1}
		or user_id2 = #{userId1}
	</select>

	<select id="selectOneChatRoom" parameterType="Chat"
		resultType="int">
		select count(*) from TB_CHAT_ROOM where user_id1 = #{userId1} and
		user_id2 = #{userId2} or user_id1 = #{userId2} and user_id2 = #{userId1}
	</select>

	<delete id="deleteChatRoom" parameterType="Chat">
		DELETE FROM TB_CHAT_ROOM
		WHERE (user_id1 = #{userId1} AND user_id2 = #{userId2})
		OR (user_id1 = #{userId2} AND user_id2 = #{userId1})
	</delete>

</mapper>