<?xml version="1.0" encoding="utf-8"?>
<!DOCTYPE mapper PUBLIC
"-//mybatis.org//DTD Mapper 3.0//EN"
"http://mybatis.org/dtd/mybatis-3-mapper.dtd">
<mapper namespace="faqMapper">

	<resultMap id="resultFaqTop3" type="Faq">
		<result property="faqNum" column="FAQ_NUM" />
		<result property="faqTitle" column="FAQ_TITLE" />
		<result property="faqReadCount" column="FAQ_READCOUNT" />
	</resultMap>
	
	<resultMap type="Faq" id ="resultList">
		<result property="faqNum" column="FAQ_NUM"/>
		<result property="adminId" column="ADMIN_ID"/>
		<result property="faqType" column="FAQ_TYPE"/>
		<result property="faqTitle" column="FAQ_TITLE"/>
		<result property="faqWriter" column="FAQ_WRITER"/>
		<result property="faqContent" column="FAQ_CONTENT"/>
		<result property="faqDate" column="FAQ_DATE"/>
		<result property="faqReadCount" column="FAQ_READCOUNT"/>
			
	</resultMap>
	
	<!-- 
		비교연산자를 쿼리문에 사용하면
		태그 엘리면트 꺽쇠괄호 등(<, >, &)과 혼동하는 문제가 발생할 수 있음
		이 문제를 방지하기 위해 xml 코드 중 xml parser 에 의해 해석하지 말고, 
		문장 그대로 해석하라는 뜻으로 <![CDATA[ 쿼리문장 ]]> 사용함
	 -->
	<select id="selectTop3" resultMap="resultFaqTop3">
		<![CDATA[
		select * from (select rownum rnum, faq_num, faq_title, faq_readcount 
				          from (select * from tb_faq 
				          order by faq_readcount desc)) 
		where rnum <= 3
		]]>
	</select>

	<select id="selectList" parameterType="Paging" resultMap = "resultList">
		select *
		from (select rownum rnum, faq_num, faq_writer, faq_title, faq_content,
    			faq_readcount, faq_DATE
				from (select * from tb_faq
				order by faq_num desc))
		where rnum between ${ startRow } and ${ endRow }	
	</select>
	
	<select id="selectListCount" resultType="_int">
		select count(*) from tb_faq
	</select>
	
	<select id="selectFaq" parameterType="_int" resultMap = "resultList">
		select * from tb_faq
		where faq_num = #{ faqNum }
	</select>	
	
	<!-- dml -->
	<update id="updateAddReadCount" parameterType="_int">
		update tb_faq
		set faq_readcount = faq_readcount + 1
		where faq_num = #{ faqNum }
	</update>
	
	<update id="updateOrigin" parameterType="Faq">
		update tb_faq
		set faq_title = #{faqTitle}, 
			faq_content = #{faqContent}
		where faq_num =#{ faqNum } 	
	</update>
	
	<insert id="insertOriginFaq" parameterType="Faq">
		insert into tb_faq
		values ((select max(faq_num)+1 from tb_faq),
		 #{adminId}, 
		  '020',
		   #{faqTitle},
		    #{faqWriter}, 
		 	#{faqContent}, 
		  	default,
		  	default)
	</insert>	
	

	<delete id="deleteFaq" parameterType="Faq">
		delete from tb_faq
			where faq_num = #{ faqNum }
	</delete>
	

</mapper>
