<?xml version="1.0" encoding="UTF-8"?>
<!DOCTYPE log4j:configuration PUBLIC "-//APACHE//DTD LOG4J 1.2//EN" "log4j.dtd">
<log4j:configuration xmlns:log4j="http://jakarta.apache.org/log4j/">

	<!-- Appenders -->
	<appender name="console" class="org.apache.log4j.ConsoleAppender">
		<param name="Target" value="System.out" />
		<layout class="org.apache.log4j.PatternLayout">
			<param name="ConversionPattern" value="%-5p: %c - %m%n" />
		</layout>
	</appender>
	
	<!-- 파일에 로그 메세지 저장하는 appender -->
	<appender name="fileLogger" class="org.apache.log4j.DailyRollingFileAppender">
		<param name="file" value="C:\\spring_workspace\\intertwine\\src\\main\\resources\\logs\\system.log" />		
		<param name="Append" value="true" />
		<param name="DatePattern" value="yyyy-MM-dd" />
		<layout class="org.apache.log4j.PatternLayout">
			<param name="ConversionPattern" value="[%d{HH:mm:ss}][%-5p][%F: %L] - %m%n" ></param>
		</layout>
	</appender>
	
	<!-- log4jdbc-remix 모듈을 사용한 로그 출력용 appender -->
	<!-- 실행되는 query 문과 resultSet 결과를 출력하는 appender -->
	<appender name="sqlLogger" class="org.apache.log4j.ConsoleAppender">
		<layout class="org.apache.log4j.PatternLayout">
			<param name="ConversionPattern" value="%-5p - %m%n" />
		</layout>
	</appender>
	
	<!-- guery logger -->
	<logger name="jdbc.sqlonly" additivity="false">
		<level value="info" />
		<appender-ref ref="sqlLogger" />
	</logger>
	
	<logger name="jdbc.resultsettable" additivity="false">
		<level value="info" />
		<appender-ref ref="sqlLogger" />
	</logger>
	
	<!-- 
	%p : debug, info, warn, error, fatal 등의 priority(우선순위) 출력
	%m : 로그 메세지(message) 출력
	%n : new line, 줄바꿈(enter)을 의미함
	%d : datetime, 로깅 이벤트가 발생한 날짜와 시간을 출력
		포멧은 %d{yyyy-MM-dd HH:mm:ss, SSS} 의 형태로 지정함
		java.text.SimpleDateFormat 의 포멧을 사용하면 됨
	%t : 로그 이벤트가 발생된 스래드(thread) 이름 출력
	%% : %문자 하나 출력
	%c, %C : 카테고리(category) 또는 클래스명(full class name) 출력
			%c{2} 는 a.b.C 를 b.C 만 출력을 의미함
			%c{1} 는 a.b.C 를 C 만 출력을 의미함
	%F : 로그 이벤트가 발생한 프로그램 파일명 출력
	%L : 로깅을 발생시킨 caller 의 줄번호 출력
	%I : 로깅을 발생시킨 caller 의 정보(Info) 출력
	%M : 로깅를 발생시킨 Method 이름 출력
	%r : 애플리케이션 시작부터 로깅을 발생시킨 시점까지의 시간(milliseconds)
	%x : 로깅을 발생한 스래드와 관련된 NDC(Nested Diagnostic Context) 출력
	%X : NDC 를 출력, %X{key} 형태로 출력
	 -->
	
	<!-- Application Loggers -->
	<logger name="org.edu.intertwine">
		<level value="info" />
	</logger>
	
	<!-- 3rdparty Loggers -->
	<logger name="org.springframework.core">
		<level value="info" />
	</logger>
	
	<logger name="org.springframework.beans">
		<level value="info" />
	</logger>
	
	<logger name="org.springframework.context">
		<level value="info" />
	</logger>

	<logger name="org.springframework.web">
		<level value="info" />
	</logger>

	<!-- Root Logger -->
	<root>
		<priority value="warn" />
		<appender-ref ref="console" />
		<appender-ref ref="fileLogger" />
	</root>
	
</log4j:configuration>
