<?xml version="1.0" encoding="UTF-8"?>
<beans:beans xmlns="http://www.springframework.org/schema/mvc"
	xmlns:xsi="http://www.w3.org/2001/XMLSchema-instance"
	xmlns:beans="http://www.springframework.org/schema/beans"
	xmlns:context="http://www.springframework.org/schema/context"
	xmlns:aop="http://www.springframework.org/schema/aop"
	xsi:schemaLocation="http://www.springframework.org/schema/mvc https://www.springframework.org/schema/mvc/spring-mvc.xsd
      http://www.springframework.org/schema/beans https://www.springframework.org/schema/beans/spring-beans.xsd
      http://www.springframework.org/schema/context https://www.springframework.org/schema/context/spring-context.xsd
      http://www.springframework.org/schema/aop http://www.springframework.org/schema/aop/spring-aop-4.3.xsd">

  
   <annotation-driven /> 


   <resources mapping="/resources/**" location="/resources/" />


   <beans:bean class="org.springframework.web.servlet.view.InternalResourceViewResolver">
      <beans:property name="prefix" value="/WEB-INF/views/" /> 
      <beans:property name="suffix" value=".jsp" />  
      <beans:property name="order" value="1" />
   </beans:bean>
   
   <context:component-scan base-package="org.edu.intertwine" />
   
    <beans:bean class="org.springframework.web.servlet.view.BeanNameViewResolver">
       <beans:property name="order" value="0" />
    </beans:bean>
   
   <beans:bean class="net.sf.json.spring.web.servlet.view.JsonView" id="jsonView"></beans:bean>

   <beans:bean class="org.springframework.web.multipart.commons.CommonsMultipartResolver" id="multipartResolver">
      <beans:property name="maxUploadSize" value="10000000" />   
   </beans:bean>
 
   <aop:aspectj-autoproxy proxy-target-class="true" />
   
<beans:bean id="mailSender"
   	class="org.springframework.mail.javamail.JavaMailSenderImpl">
   		<beans:property name="host" value="smtp.gmail.com" />
        <beans:property name="port" value="587" />
        <beans:property name="username" value="gpfla7375@gmail.com" />
        <beans:property name="password" value="zfdb tfbn hstt oith" />
        <beans:property name="javaMailProperties">
            <beans:props>           
                <beans:prop key="mail.smtp.auth">true</beans:prop>
                <beans:prop key="mail.smtp.starttls.enable">true</beans:prop>
            </beans:props>
        </beans:property>
   </beans:bean>
   
<interceptors>
   <interceptor>
  	 	<mapping path="/**" />

		<exclude-mapping path="/enrollPage.do" />
		<exclude-mapping path="/idchk.do" />
  	 	<exclude-mapping path="/phonesearchpwd.do" />
  	 	<exclude-mapping path="/changePwd.do" />
  	 	<exclude-mapping path="/updatePwd.do" />
  	 	<exclude-mapping path="/ulogout.do" />
  		<exclude-mapping path="/main.do" />
  		<exclude-mapping path="/uinsert.do" />
  		<exclude-mapping path="/emailAuth.do" />
  		<exclude-mapping path="/postEmail.do" />
  		<exclude-mapping path="/phonesearch.do" />
  		<exclude-mapping path="/emailsearch.do" />
		<exclude-mapping path="/findInfo.do" />
  		<exclude-mapping path="/alogout.do" />
  	 	<exclude-mapping path="/alogin.do" />
  	 	<exclude-mapping path="/adminLogin.do" />
  	 	<exclude-mapping path="/naver_login.do" />
  	 	<exclude-mapping path="/kakao_loginP.do" />
  	 	<exclude-mapping path="/emailchk.do" />
  	 	<exclude-mapping path="/ulogin.do" />
  	 	<exclude-mapping path="/ustopclear.do" />
  	 	<exclude-mapping path="/socialPage.do" />
    	<exclude-mapping path="/login.do" />
    	<exclude-mapping path="/admain.do" />
    	<exclude-mapping path="/RptPage.do" />
    	
    	
    	
    	
    	<exclude-mapping path="/flist.do" />
    	<exclude-mapping path="/ftop3.do" />
    	<exclude-mapping path="/fdetail.do" />
    	<exclude-mapping path="/fwform.do" />
    	<exclude-mapping path="/finsert.do" />
    	<exclude-mapping path="/fupview.do" />
    	<exclude-mapping path="/foriginupdate.do" />
    	<exclude-mapping path="/fdelete.do" />

    	
    	<exclude-mapping path="/qwform.do" />
    	<exclude-mapping path="/qreplyform.do" />
    	<exclude-mapping path="/qupview.do" />
    	<exclude-mapping path="/qsearchTitle.do" />
    	<exclude-mapping path="/qsearchWriter.do" />
    	<exclude-mapping path="/qsearchDate.do" />
    	<exclude-mapping path="/qoriginupdate.do" />
    	
    	<exclude-mapping path="/qreplyupdate.do" />
    	<exclude-mapping path="/qdelete.do" />
    	<exclude-mapping path="/qdown.do" />
    	<exclude-mapping path="/qreply.do" />
    	
    	
    	<exclude-mapping path="/qdetail.do" />
    	<exclude-mapping path="/qinsert.do" />
    	<exclude-mapping path="/qtop3.do" />
    	<exclude-mapping path="/qlist.do" />
    	<exclude-mapping path="/qreply.do" />
    		
    	<exclude-mapping path="/userRptPage.do" />
    	<exclude-mapping path="/rptlist.do" />
    	<exclude-mapping path="/rsearchStatus.do" />
    	<exclude-mapping path="/rsearchboardNum.do" />
    	<exclude-mapping path="/rptdetail.do" />
    	<exclude-mapping path="/rptCommentdetail.do" />
    	<exclude-mapping path="/inPostReport.do" />
    	<exclude-mapping path="/inComReport.do" />
    	<exclude-mapping path="/delcomment.do" />
    	<exclude-mapping path="/upStatus.do" />
    	<exclude-mapping path="/delContent.do" />
    	<exclude-mapping path="/reportAlarm.do" />
  
         <beans:bean class="org.edu.intertwine.common.intercepter.LoginCheckIntercepter" id="loginCheckIntercepter" /> 
      </interceptor>
      
        
     <!-- <interceptor>
         <mapping path="/**" />  
    	<exclude-mapping path="/login.do" /> 
         <beans:bean id="loggerInterceptor" class="org.edu.intertwine.common.intercepter.LoggerInterceptor" />
      </interceptor> -->
</interceptors>
</beans:beans>

